<?xml version="1.0" encoding="UTF-8" ?>
<!DOCTYPE configuration
        PUBLIC "-//mybatis.org//DTD Config 3.0//EN"
        "http://mybatis.org/dtd/mybatis-3-config.dtd">
<!--根标签-->
<configuration>
    <!--指定 资源文件-->
    <properties resource="jdbc.properties"/>
    <!--指定Mybatis所用日志的具体实现,未指定时将自动查找-->
    <settings>
        <setting name="logImpl" value="LOG4J"/>
    </settings>
    <!--环境,可以配置多个,default:指定采用哪个环境-->
    <environments default="test">
        <!-- id:唯一标识-->
        <environment id="test">
            <!--事务管理器,JDBC类型的事务管理器-->
            <transactionManager type="JDBC"/>
            <!--数据源,池类型的数据源-->
            <dataSource type="POOLED">
                <property name="driver" value="${DBDRIVER}"/>
                <property name="url" value="${DBURL}"/>
                <property name="username" value="${DBUSER}"/>
                <property name="password" value="${PASSWORD}"/>
            </dataSource>
        </environment>
    </environments>
    <!--配置mapper映射文件-->
    <mappers>
        <mapper resource="dao/mapper/UserMapper.xml"/>
        <mapper resource="dao/mapper/CustomerMapper.xml"/>
        <mapper resource="dao/mapper/AdminMapper.xml"/>
    </mappers>
</configuration>