<?xml version="1.0" encoding="UTF-8" ?>
<!DOCTYPE mapper
        PUBLIC "-//mybatis.org//DTD Mapper 3.0//EN"
        "http://mybatis.org/dtd/mybatis-3-mapper.dtd">
<mapper namespace="dao.AdminDAO">
    <update id="cunkuan" parameterType="bean.Customer" >
        update customer set money=#{money} where cCount=#{cCount }
    </update>
    <select id="getByCount" resultType="bean.Customer">
        select * from customer where cCount=#{cCount}
    </select>
    <update id="qukuan" parameterType="bean.Customer">
        update customer set money=#{money} where cCount=#{cCount}
    </update>
    <select id="chaxun" parameterType="bean.Customer" resultType="bean.Customer">
        select * from customer where cCount=#{cCount}
    </select>
    <update id="daikuan" parameterType="bean.Customer">
        update customer set loan=#{loan} where cCount=#{cCount}
    </update>
    <update id="huankuan" parameterType="bean.Customer">
        update customer set loan=#{loan} where cCount=#{cCount}
    </update>
    <update id="guashi" parameterType="bean.Customer">
        update customer set suoding=1 where cCount=#{cCount}
    </update>
    <update id="jiegua" parameterType="bean.Customer">
        update customer set suoding=0 where cCount=#{cCount}
    </update>
    <update id="weihu" parameterType="bean.Customer">
        update customer 
        <set>
            <if test="money!=null">money=#{money}</if>
            <if test="cName!=null">cName=#{cName}</if>
            <if test="password!=null">password=#{password}</if>
            <if test="loan!=null">loan=#{loan}</if>
            <if test="suoding!=null">suoding=#{suoding}</if>
        </set>
    </update>
</mapper>