<?xml version="1.0" encoding="UTF-8" ?>
<!DOCTYPE mapper
        PUBLIC "-//mybatis.org//DTD Mapper 3.0//EN"
        "http://mybatis.org/dtd/mybatis-3-mapper.dtd">
<mapper namespace="dao.UserDAO">
    <select id="getById" resultType="bean.User">
        select * from user where count=#{count}
    </select>
    <insert id="kaihu" parameterType="bean.User">
        insert into user (count, carName, password, roleName, userName) values (#{count},#{carName},#{password},#{roleName},#{userName})
    </insert>
    <delete id="xiaohu" parameterType="bean.User">
        delete from user where count=#{count}

    </delete>
    <update id="weihu" parameterType="bean.User">
        update user where count=#{count}
    </update>
    <insert id="kauhux" parameterType="bean.User">
        insert into customer (cCount, money, cName, password, loan, suoding) values (#{count},'0',#{userName},#{password},'0','0')
    </insert>
    <delete id="xiaohux" parameterType="bean.User">
        delete from user where count=#{count}
    </delete>

</mapper>